Authors, Counts
A, n
L, y
G, i
J, o
K, e
A, l
D, o
J, .
S, h
L, i
R, u
G, u
F, e
S, u
T, i
A, m
J, u
E, r
T, a
I, l
W, i
W, i
M, a
G, r
R, i
A, r
J, e
S, a
A, d
M, a
M, a
M, i
M, a
F, l
K, o
K, r
N, i
A, a
P, a
H, u
F, r
B, r
M, a
T, i
S, a
J, a
R, o
L, u
B, e
J, a
B, a
O, r
M, i
R, o
I, a
H, u
X, i
B, e
T, a
A, n
A, l
Z, h
B, r
Z, h
E, e
S, h
H, a
P, r
M, a
S, k
C, h
F, l
K, a
J, e
R, i
D, i
W, i
N, a
R, o
S, i
B, i
A, m
M, a
E, v
J, o
P, a
M, a
J, a
G, r
M, a
E, i
P, e
G, r
S, e
J, e
S, a
F, r
J, o
X, i
B, r
H, a
B, e
H, e
H, a
Y, e
B, r
M, a
T, i
J, u
M, i
M, a
J, o
D, o
K, r
D, a
M, i
S, t
J, e
T, a
G, a
J, a
Y, a
M, i
J, o
S, h
R, a
J, o
M, i
K, e
B, i
C, h
J, a
G, o
C, h
D, a
Y, a
R, o
I, v
P, a
D, e
S, a
J, o
H, i
N, a
R, e
T, e
C, o
A, v
E, r
Q, i
C, a
J, i
J, o
F, a
N, a
S, a
A, d
F, r
M, a
S, h
J, e
B, i
D, a
Q, i
M, i
M, i
A, n
N, a
M, a
B, e
I, l
A, l
J, a
S, t
T, j
J, o
B, a
D, a
P, a
J, o
R, a
S, h
L, i
M, i
R, a
H, e
M, i
A, r
H, o
V, i
G, a
W, i
Y, a
D, a
E, m
A, n
C, a
A, n
J, o
O, m
C, l
A, l
M, i
G, i
A, n
M, i
S, h
O, l
M, a
A, l
E, n
R, a
A, n
G, ï
M, a
C, h
F, e
B, r
A, n
F, r
P, e
G, r
M, i
D, a
K, o
D, i
M, a
P, a
C, a
D, a
L, a
J, a
G, e
D, a
P, i
C, a
E, m
F, r
H, i
R, u
C, a
H, e
Y, u
K, a
L, a
A, g
F, e
J, e
M, i
A, n
U, r
X, a
T, r
D, a
M, a
T, o
A, r
W, i
S, u
J, i
W, e
Y, o
C, a
H, i
J, a
M, a
P, a
C, h
N, i
S, e
R, u
E, l
A, r
G, a
I, a
S, t
A, l
A, n
D, o
D, a
E, f
R, o
S, a
M, i
A, u
I, o
N, u
T, a
C, a
L, a
L, a
S, t
M, a
M, i
M, a
L, a
A, n
S, e
S, o
C, h
I, k
R, o
M, a
J, a
T, s
J, e
C, h
M, i
I, l
T, i
L, i
I, r
E, l
A, l
O, l
B, a
R, o
V, i
S, i
L, a
Z, h
N, i
T, h
H, i
H, a
J, o
A, l
M, a
Y, a
J, o
A, l
M, i
R, o
F, a
R, i
P, e
J, o
C, o
H, u
N, a
Y, u
K, a
K, r
B, r
R, o
N, a
N, i
P, e
G, e
B, r
J, o
A, n
R, .
S, a
M, i
P, e
C, h
N, a
M, a
R, e
S, t
P, a
A, n
J, i
T, e
K, i
K, e
K, r
C, h
M, a
S, t
Z, i
H, a
J, e
S, t
S, h
A, l
P, h
M, a
B, e
O, k
D, a
S, a
J, o
M, a
K, a
W, i
M, a
K, o
D, a
G, a
P, a
R, i
B, .
T, i
B, i
D, e
M, a
C, h
J, e
C, l
N, i
D, a
V, i
T, o
E, a
J, e
N, o
M, a
G, i
S, a
L, o
T, i
J, e
E, d
A, n
I, s
D, a
K, e
T, r
R, o
T, a
N, o
J, e
A, n
M, a
T, h
L, o
N, i
J, a
D, a
G, r
R, o
S, h
M, a
T, r
K, e
H, o
M, e
D, a
S, t
S, t
J, e
P, e
H, e
H, e
M, i
R, i
D, e
M, a
G, o
K, e
S, t
J, e
L, u
M, a
R, i
N, i
S, e
G, e
M, i
N, a
B, a
A, n
M, a
E, r
K, r
E, r
S, .
B, r
M, a
M, a
B, e
Z, a
E, e
S, e
K, e
Y, o
T, o
C, h
Y, a
A, n
W, e
J, e
L, u
T, h
K, r
B, i
W, e
D, a
J, o
S, h
J, e
I, n
G, e
J, u
S, h
A, l
K, a
P, h
J, o
J, a
E, y
A, d
F, l
A, s
H, e
B, a
T, i
N, a
G, a
H, i
X, i
U, w
A, l
A, n
R, o
G, y
K, l
S, a
D, a
K, a
B, r
M, e
X, i
M, a
E, m
E, l
L, a
R, u
D, e
U, r
J, ï
C, h
C, o
M, a
V, i
P, i
D, a
J, o
R, e
S, t
D, a
P, e
T, o
D, a
C, h
D, o
C, h
J, a
B, r
N, i
D, i
I, n
P, h
M, a
B, r
S, a
G, r
L, a
M, a
M, a
M, a
H, u
T, h
M, a
A, l
A, r
E, m
K, a
R, y
P, a
C, h
J, i
H, e
D, m
M, i
C, h
Y, o
C, h
Y, a
M, a
S, u
N, a
J, o
J, o
F, e
D, a
B, a
U, l
T, i
M, a
G, .
U, l
R, y
B, r
R, u
K, r
T, h
O, s
J, a
T, h
F, l
S, h
T, i
A, d
T, h
J, a
V, i
T, i
J, o
M, a
C, a
D, o
E, v
A, d
M, a
P, a
A, u
S, t
J, o
M, a
B, .
J, o
M, a
M, i
L, u
A, x
L, i
I, a
D, o
L, u
J, o
A, n
S, t
M, o
A, n
L, i
R, y
D, a
L, a
M, a
M, i
M, o
T, i
M, i
C, h
M, a
E, m
S, i
M, i
P, e
J, o
M, a
Y, a
F, r
M, a
J, o
A, u
D, a
J, o
A, n
G, e
B, a
N, a
X, i
S, t
F, r
E, u
A, l
G, a
J, e
M, a
A, m
T, o
R, o
M, i
A, s
M, a
L, e
H, a
S, i
J, o
H, a
M, i
A, l
S, t
D, a
Z, .
J,  
J, o
S, i
W, o
A, d
D, a
A, n
J, a
R, i
B, y
S, a
I, c
M, a
N, i
M, a
D, a
A, n
O, d
M, a
J, a
J, a
J, a
D, a
R, a
M, a
J, o
C, .
J, e
R, i
P, a
A, m
A, l
Z, o
M, i
K, o
Z, a
J, o
Q, u
B, r
T, r
J, o
U, l
A, h
J, o
N, i
M, a
M, i
E, d
C, r
C, a
N, i
M, i
B, e
R, o
S, l
R, a
C, h
T, h
A, l
J, ï
D, m
T, a
C, h
J, o
K, a
G, o
H, a
K, e
J, o
L, a
M, a
T, r
S, r
W, i
W, u
R, e
E, J
A, l
S, u
